{
  "train_loss": [
    0.3297703289985657,
    0.20890049815177916,
    0.19283811748027802,
    0.1924494183063507,
    0.18602691888809203,
    0.17413611471652984,
    0.170570148229599,
    0.15804876685142516,
    0.15688383728265762,
    0.14850971043109895,
    0.14306056678295134,
    0.14015795260667802,
    0.13759975075721742,
    0.1320241218805313,
    0.12749503791332245,
    0.1181383728981018,
    0.10928072631359101,
    0.09432713553309441,
    0.06997118979692458,
    0.04905355423688888,
    0.034399721659719946,
    0.027560754865407943,
    0.02029952351003885,
    0.017543669641017914,
    0.013109611328691245,
    0.010242554266005755,
    0.00809418249875307,
    0.007278214432299137,
    0.005562462881207466,
    0.004311439301818609,
    0.0034861601144075393,
    0.0027992202527821063,
    0.0022759765526279806,
    0.0018682809174060822,
    0.0016335145756602287,
    0.0014055237732827663,
    0.0013122334610670805,
    0.0010391974216327072,
    0.0008476723660714924,
    0.0007497416576370597,
    0.0006571204366628081,
    0.0005959932482801377,
    0.0005430011241696775,
    0.0004695450630970299,
    0.0004040460515534505,
    0.0003537046071141958,
    0.0002959944313624874,
    0.000362928903196007,
    0.0004193215095438063,
    0.0004029844666365534
  ],
  "val_loss": [
    0.21184160470962524,
    0.1869051820039749,
    0.18985474050045015,
    0.18543227195739745,
    0.17933814823627472,
    0.1684439903497696,
    0.15920353233814238,
    0.1585931235551834,
    0.15725678503513335,
    0.1580927175283432,
    0.15944272458553313,
    0.1587952643632889,
    0.16426089584827422,
    0.16794412195682526,
    0.1651468700170517,
    0.16343524873256685,
    0.16054367065429687,
    0.1501561826467514,
    0.1351732301712036,
    0.09238399863243103,
    0.08143808215856552,
    0.07707401722669602,
    0.06987953692674637,
    0.06875679582357407,
    0.06497329652309418,
    0.0640921351313591,
    0.06300438314676285,
    0.06358435958623886,
    0.06269572526216508,
    0.06177342236042023,
    0.061837985813617706,
    0.05934709757566452,
    0.05843334645032883,
    0.058941507637500765,
    0.058397179543972014,
    0.05905383408069611,
    0.057415006458759306,
    0.056556692123413084,
    0.05810022383928299,
    0.05648422539234162,
    0.05635479360818863,
    0.056736581921577454,
    0.05714897990226746,
    0.05660740703344345,
    0.0557844403386116,
    0.05634842157363892,
    0.05614771813154221,
    0.05612913370132446,
    0.056387660205364225,
    0.056641097962856296
  ]
}